Index,Customer Id,First Name,Last Name,Company,City,Country,Phone 1,Phone 2,Email,Subscription Date,Website
1,ffeCAb7AbcB0f07,Jared,Jarvis,Sanchez-Fletcher,Hatfieldshire,Eritrea,274.188.8773x41185,001-215-760-4642x969,gabriellehartman@benjamin.com,2021-11-11,https://www.mccarthy.info/
2,b687FfC4F1600eC,Marie,Malone,Mckay PLC,Robertsonburgh,Botswana,283-236-9529,(189)129-8356x63741,kstafford@sexton.com,2021-05-14,http://www.reynolds.com/
3,9FF9ACbc69dcF9c,Elijah,Barrera,Marks and Sons,Kimbury,Barbados,8252703789,459-916-7241x0909,jeanettecross@brown.com,2021-03-17,https://neal.com/
4,b49edDB1295FF6E,Sheryl,Montgomery,"Kirby, Vaughn and Sanders",Briannaview,Antarctica (the territory South of 60 deg S),425.475.3586,(392)819-9063,thomassierra@barrett.com,2020-09-23,https://www.powell-bryan.com/
5,3dcCbFEB17CCf2E,Jeremy,Houston,Lester-Manning,South Brianna,Micronesia,+1-223-666-5313x4530,252-488-3850x692,rubenwatkins@jacobs-wallace.info,2020-09-18,https://www.carrillo.com/
6,75bEe1B33E517AF,Frank,Villarreal,"Craig, Dennis and Maddox",Reidtown,Panama,+1-165-340-7100x44099,(847)867-2795x043,gmurillo@perez.com,2022-01-13,https://patel.org/
7,CB8b29B8Fbbbe58,Rickey,Fox,"Benson, Gray and Fitzpatrick",Mcintoshberg,United States of America,426.446.3838,437.476.4705,melissabenitez@le.info,2021-11-05,http://www.irwin-donaldson.com/
8,56b3cEA1E6A49F1,Barry,Ware,Glenn Ltd,Lake Pedrofort,American Samoa,101-419-0208x043,931.542.3115x98926,brent60@lopez.com,2022-05-12,https://www.bean.biz/
9,f9443f5f6AF0Da0,Carl,Mcdowell,Davila-Leach,Petersbury,Saint Vincent and the Grenadines,+1-740-392-0511,+1-218-891-5403x7270,toddharris@lowery-rosario.biz,2022-05-28,https://www.burnett.com/
10,C99b63E0d92C565,Pam,Dalton,Mckenzie Ltd,Hillside,Tanzania,0389689232,344-952-1181x6911,carolbanks@vang-stafford.com,2022-03-04,http://www.maxwell-bradford.com/
11,b1fCaAD09148Dd1,Kayla,Pittman,Harrell Ltd,New Brookemouth,Central African Republic,633-378-8507x08686,(190)038-4820x9432,cassidy83@irwin.com,2020-08-29,http://holder-cordova.org/
12,eF43a70995dabAB,Terrance,Hayes,Ellis-Cordova,Jessestad,Falkland Islands (Malvinas),519.472.4385x034,758.356.4238,baxtercandice@coleman.com,2021-11-07,https://www.andrade.com/
13,cEA448DC747CD99,Aaron,Davies,Lowe LLC,South Travis,Sudan,+1-526-648-0493x3641,001-629-948-5626x84672,arellanoselena@mclean.com,2021-11-22,http://chavez.com/
14,cEa38D4ADF0ebC5,Eric,Tyler,Gould Group,Joannaport,Faroe Islands,(762)013-7190x086,912.928.9214x9302,ernest05@cannon.info,2020-01-07,http://www.blackburn-myers.com/
15,Ec9f728BBdC2bb7,Edwin,Crawford,Campbell-Hutchinson,Port Heidi,Bangladesh,497.080.4450x952,164-499-8902,lauriebishop@berry-simpson.org,2021-12-23,http://ayala.net/
16,fef3b52EDD2ebD4,Lindsay,Luna,Miles-Hawkins,Port Jadebury,Estonia,+1-463-484-7621x566,001-595-926-8017x58375,rhuff@kennedy.info,2021-11-16,https://www.mullen.com/
17,F195BCed9A70fc0,Victoria,Morrison,Simpson-Brennan,Mercedesville,Venezuela,132-937-2584x881,+1-407-680-9069x78947,ksimmons@morton.com,2020-05-04,http://hester.com/
18,df7fC8E9026B7Cf,Eugene,Avery,Mccarthy-Mccoy,Makaylaport,Nauru,717-466-4199x3096,001-810-178-3912x975,clairesloan@rivas.com,2021-12-19,http://rosario.com/
19,9FC4c78AadC7F3D,Sonya,Oneill,"Kennedy, Pugh and Barnes",East Robertaville,Saint Kitts and Nevis,214.441.5670x2817,+1-502-572-9047,randallangelica@bass-curry.com,2020-06-14,https://vaughn.com/
20,A17101c33AfdF5f,Norma,Coleman,Christian Ltd,New Colinfurt,Ghana,447-309-9813,+1-161-021-8844,kristinewatson@houston.com,2021-05-22,https://mullen-kidd.com/
21,574feCd3Ee74B49,Jamie,Meadows,"Pruitt, Krause and Figueroa",Evanland,San Marino,+1-607-351-5883x16680,(180)536-1459x3575,wbrewer@hatfield-nichols.info,2021-04-30,http://www.wells.com/
22,FEb95A7aee9F757,Gwendolyn,Cameron,Clark Inc,East Daleland,Yemen,6851490931,425.132.5784x7864,kaylee45@rice.org,2020-11-07,https://hensley-blackburn.info/
23,Fb7eA1aE7f17BEE,Fernando,Black,Tapia PLC,East Todd,Barbados,+1-719-964-8085,398.049.0799,rvilla@farley-evans.com,2020-06-20,https://herman.com/
24,7Add98ac5adEB63,Arthur,Miller,"Woodward, Pruitt and Norris",East Casey,Azerbaijan,(302)810-8615,992.121.7802,stephaniebutler@armstrong.com,2020-02-01,http://www.middleton.com/
25,EdbC674D64f4cDe,Daisy,Holt,Carlson PLC,West Deannaton,Libyan Arab Jamahiriya,001-912-416-9352x321,(473)636-8386x166,oconnelldarrell@white-cooke.com,2020-08-19,http://zuniga.info/
26,C2DC1Fc72bdC10D,Derrick,Bates,Walls-Rangel,New Diana,Saint Helena,2121534695,(760)075-0100x50042,jmathews@lopez.com,2022-03-16,https://harrell.net/
27,62fe755BC0CdC82,Margaret,Martin,"Hutchinson, Ewing and Haney",Grantbury,Swaziland,(994)035-3044x21645,+1-300-521-7607x263,sophiaperkins@cervantes.org,2022-04-28,https://ponce-townsend.com/
28,2e2A8dfB4E6b1fB,Evelyn,Lin,"Kline, Dennis and Patrick",East Krystal,Malaysia,(365)587-6931x70669,266.940.6480x4611,whitneyphillips@fritz.org,2020-07-20,https://jimenez.org/
29,c6b0bdCA50CC36E,Jackie,Schwartz,Patrick-Mathews,Port Kaylee,Zambia,460.343.5510,3531661505,jermaine57@mckay-garza.com,2020-11-05,http://moon-salazar.com/
30,FBFdf57daEDdB23,Derek,Mccarty,Mckinney-Gates,New Fred,Korea,139-153-2491x429,678.142.1756,manningelaine@gilmore.com,2021-06-27,https://www.douglas-fleming.com/
31,45cccfCb4FfE2bc,Martha,Bates,Torres PLC,Lake Courtneyport,Uzbekistan,(414)875-1993x20892,001-182-878-3214x3456,parkpam@berry.com,2020-10-30,https://gilbert-davies.com/
32,DA6276b0AFaeEf9,Bonnie,Ashley,"Frey, Riggs and Raymond",Kramerstad,Lao People's Democratic Republic,223-395-5762,586-963-5849,christine88@hogan.com,2021-01-18,https://holden.org/
33,60062afe1E3DA5b,Tina,Perry,"Delacruz, Orozco and Gonzalez",Laceyville,Mongolia,(865)772-7274,(666)344-2482x00123,xvang@abbott.com,2020-09-27,http://wood.net/
34,B0Cbb4e7B655D5A,James,Rush,Schmidt Group,West Herbert,Saint Kitts and Nevis,(368)251-7910x824,488.747.4904x403,brandychang@neal-adams.net,2021-12-18,http://montoya.info/
35,CEd62DDaBa6DED1,Claudia,Dennis,Cox-Figueroa,Villaside,Turks and Caicos Islands,001-124-162-5942x54107,(534)301-0613x356,kelli44@conley-dalton.com,2021-05-29,https://sosa.biz/
36,feAffaaeaeEfF02,Adam,West,"Elliott, Hoffman and Martin",Lake Kennethton,Kenya,574.218.5715x831,(929)687-7219x134,claytonortiz@curry.com,2020-01-11,http://www.buchanan.org/
37,EC59E1eE2bEFA9c,Kimberly,Lewis,Johns-Howell,Browningville,Tajikistan,+1-831-588-0795x0322,582.839.1813,creyes@meyer.com,2022-04-06,http://velazquez.org/
38,a2aCDFF5da1CDBD,Rebecca,Gregory,"Moon, Hull and Ferrell",North Teresahaven,Somalia,+1-493-786-4546,031-241-6186,garrett37@moreno-harris.com,2020-03-09,http://barton.com/
39,91e5fEE1C8fECbb,Teresa,Moreno,Copeland-Romero,Port Marcus,Bahamas,001-982-682-1140x758,001-907-267-4542,roblesnorman@barber.biz,2020-09-01,https://www.cooke.net/
40,06bDd08a9FdC9bF,Julian,Horn,"Herman, Calhoun and Holt",Phyllisland,Samoa,+1-193-394-4602x348,914-974-3568,bethashley@harding.com,2022-05-05,http://gould-parrish.com/
41,E3BBfaF61f6E5b1,Alfred,Haynes,"West, Huynh and Galvan",Lake Lorraineshire,Bahamas,913.878.6789,+1-033-557-1501x654,obriengloria@brady-cole.com,2020-09-29,https://frost.com/
42,f53cabB1CA1aEEa,Melody,Forbes,Roach Group,Port Kim,Senegal,582.331.5901,439-950-7863x6747,rherrera@williamson.com,2020-01-03,https://stevens.com/
43,2ad0E94a2b6e18E,Courtney,Guerrero,"Estrada, Chandler and Edwards",Gordonstad,Isle of Man,209.479.1833x17794,+1-636-652-7799,xzamora@foley-ellison.com,2021-12-05,https://www.estes-rodgers.com/
44,FefF1F0dA408eb0,Bradley,Donaldson,Stanley-Fritz,Port Ian,Armenia,(226)291-5455x7926,103-401-8284,mduke@ortiz.com,2021-01-03,https://estes-perry.com/
45,aF0f8c92C2ad7cf,Shelby,Mcgee,Foster Inc,Levystad,French Southern Territories,875.289.9544x115,(730)763-7387x088,kennethfoley@knapp-heath.com,2020-09-25,http://mcfarland.net/
46,Bc08AaE99B29c6A,Alison,Matthews,"Terry, Morrow and Chan",North Erikafort,Taiwan,991-312-0859,447.581.1695x87012,tmccarthy@gregory.com,2021-03-28,http://www.christian-mayo.com/
47,6A6bd0383bf12Af,Andre,Bray,Powers-Mahoney,Kurtland,Tokelau,+1-841-655-9574x649,+1-163-615-2531x196,barrleon@navarro.com,2021-07-08,https://bonilla.com/
48,2Bcb3fC75dc5149,Jody,Daniel,Wolf Ltd,Lake Luis,Slovenia,8553315303,007-978-8023x5539,cheryl11@wade-arias.com,2021-07-05,https://www.baker-velasquez.biz/
49,5e6FbF172B4CcFA,Lance,Haas,"Hall, Sherman and Nguyen",Boyerville,Bulgaria,+1-976-946-9537x3871,855.438.3570,uclayton@gaines.com,2021-12-20,https://www.acosta.info/
50,dBAED836AcD69B1,Sue,Moon,Rasmussen Group,South Ralph,Korea,200.514.1049x8785,664.086.6720x31092,rivasmonique@salinas.com,2021-10-29,http://www.tran-mckee.com/
51,EF71eDf4Ccd8D5d,Karen,Mcgrath,Boone LLC,East Tim,Russian Federation,(697)793-1252x89047,715-480-1272x800,cole11@fowler.org,2022-05-28,http://www.hartman.com/
52,F20Af23f94f2dE9,Nichole,Dixon,"Park, Lam and Banks",Port Kelliburgh,Spain,001-423-840-8414x8487,+1-669-970-7521x862,ybishop@rios.com,2022-04-09,http://love.biz/
53,84B43A8f8AC5F91,Christopher,Kramer,Woods-Baldwin,East Carly,Burundi,099.650.6578x8956,938.824.8764,valentinebruce@marsh.com,2021-05-14,http://www.carr.com/
54,cE2f9AA2c1FE0f9,Stephanie,Gilbert,Martin-Mack,New Thomas,Antigua and Barbuda,001-462-834-1009x40782,+1-819-553-6170x0036,keithmcgee@mullins.com,2020-03-27,https://www.dougherty.info/
55,DD6538206D49d6a,Jennifer,York,"Mora, Blankenship and Navarro",Vincentberg,Niger,1210697901,012-717-5375,bankskirsten@andrade-roman.com,2021-02-22,https://kim-duke.com/
56,75A01e4b688A0Ec,Jessica,Rios,Elliott Ltd,West Michelle,Greece,(769)024-8085,001-959-534-1765,gambleharry@haynes-armstrong.com,2020-06-24,http://www.waller.com/
57,Ff8adfc7C523Ac7,Carol,Velez,Avila and Sons,Sophiahaven,Timor-Leste,077.521.8857,491-663-4316,allen87@lam-harrington.org,2020-08-25,https://www.fisher-bradshaw.net/
58,c959b2b308bEfdB,Gordon,Potts,Ortega PLC,Patrickhaven,Romania,338-335-9171x416,+1-767-741-2616x384,bill63@austin.com,2021-10-12,http://www.vargas.biz/
59,08e529BC4C378eD,Dylan,Simon,Marshall LLC,Port Jesus,Ethiopia,(017)947-6945x09659,001-952-225-1045x832,mercedesholder@villanueva.com,2020-08-19,http://houston.com/
60,c70Dbd9062bD2EA,Jesse,Vazquez,Hill PLC,West Janice,Western Sahara,(815)925-7175x4081,(616)615-9255,agibbs@maddox.org,2020-03-28,https://ashley.com/
61,df96f3aDe7f45d2,Terry,Nguyen,Zuniga-Bernard,West Jacksonstad,Senegal,+1-122-513-5302x06880,296.634.2399x39373,acraig@daniels.info,2021-06-21,http://www.benson-cervantes.com/
62,277F5eEBf68672A,Toni,Espinoza,"Dennis, Osborne and Bishop",Masonstad,Bolivia,(156)633-3743x2060,001-549-475-9969x0352,colenichols@lowe-villarreal.info,2021-07-19,http://www.watts.org/
63,aBCeDd73e858CE9,Derek,Grimes,Cervantes-Gordon,Natashaland,Kazakhstan,(603)991-6573,001-566-074-0373x42276,buckcatherine@kelley.com,2021-06-01,https://www.moody-york.com/
64,0eAEe53DE2A92B3,Heather,Reed,Barton Group,North Kimberly,Panama,627.385.1633x91447,118.872.5638,monica63@robbins-carney.info,2020-08-13,https://www.estes.biz/
65,fd8eaACD0dF1AfA,Gloria,Lopez,Jacobs and Sons,East Judith,Nigeria,001-046-751-3833x493,323.710.2957x327,pattonbryan@dickson-bray.info,2022-01-07,http://www.murillo-alvarez.com/
66,C50DF5B562eC58b,Charlene,Gross,Castaneda LLC,South Jackiemouth,Maldives,7856729623,350-407-8640,sheppardstuart@leonard.com,2020-07-08,https://west.com/
67,cfff6ee15a3A522,Keith,Barton,"Espinoza, Luna and Brandt",East Darylberg,Morocco,001-928-124-3993x62776,001-999-745-4235,helen09@curry.com,2020-02-24,https://schneider.com/
68,eddeE0C9Dfa180b,Lisa,Mcintosh,Lozano-Meyers,Cliffordburgh,Estonia,110.119.5793,(564)069-5663x26208,kristenbenitez@gray.net,2021-08-30,https://www.dorsey.com/
69,B2DB8a2E0A30aB5,Gail,Gay,Hendricks-Smith,Bautistabury,India,319-180-7553,070.231.7216x874,lrhodes@lynch-fry.biz,2022-04-03,https://www.barnett.com/
70,a4563321B055fBc,Ronnie,Blackwell,Hebert Ltd,Taratown,French Guiana,451-227-6682,624.936.0823,malikdrake@wood-herring.com,2021-06-07,http://www.mendez.com/
71,D9fF7DB42Cdb3d3,Cristina,Townsend,"Barton, Terry and Oneal",New Martha,Italy,001-297-402-3698x6550,3852076147,loretta89@pratt-brooks.com,2021-10-17,http://nunez.biz/
72,5B99aCafed0Bb7D,Anthony,Wong,"Nunez, Villa and Bowers",New Ross,Heard Island and McDonald Islands,918.645.0324,196-586-9447x4670,bennettivan@lawson-noble.com,2021-03-19,http://little-wolf.com/
73,b5D5dCaaF7Dbd19,April,Guerra,Price PLC,Davidsonmouth,Brunei Darussalam,659-811-0503x688,(830)120-2630,krandolph@villegas.net,2022-01-30,https://www.hunt.biz/
74,2F72dAEe068Fe7F,Molly,Anderson,"Kennedy, Golden and Hess",Rosschester,Philippines,(603)418-3398,489-980-5927x13098,westkimberly@alvarado.org,2020-07-26,http://estes.org/
75,7e6f4ebbb70C10E,Dalton,Whitney,"Cantrell, Mcgrath and Braun",Karafurt,Christmas Island,(479)559-6654x369,834-594-5128x556,anthonywhitney@kidd.com,2022-05-11,http://www.nash.com/
76,A8DfE6fdDFF96D6,Gwendolyn,Odonnell,Gomez and Sons,East Laurenburgh,Israel,+1-897-696-6031x3653,273.443.5672x527,nicholssandy@ruiz.com,2020-04-23,https://conley.com/
77,74F1e32b3CFf8d2,Jeffery,Fleming,Braun-Garner,Lake Hannah,Gambia,575.959.4454x2883,(913)040-5595x86422,costadarryl@reyes.com,2020-11-10,https://mason.net/
78,2dC590cB5eEEbBC,Alicia,Sandoval,Lucas and Sons,Gilesstad,Tajikistan,397-504-3967x1627,400.296.8618x968,normanvanessa@valencia.com,2021-04-04,https://www.underwood-david.com/
79,c13b26331910eAA,Henry,Singleton,Clay-Stewart,Lake Dalton,Netherlands,870-417-5661x107,001-793-402-5061x556,jboyd@shannon.com,2021-03-07,http://munoz-mcguire.biz/
80,A8ecAD4eDE47C71,Gail,Anderson,Cuevas Ltd,Janeberg,United States Virgin Islands,366.661.5271x8254,785.359.4718x9134,cfields@mack-dawson.com,2021-08-01,https://webb-contreras.com/
81,0ef3aCA8cbf14d7,Rodney,Cruz,"White, Ware and Chung",Port Madeline,Vietnam,380.617.7801x03749,(114)259-4382x840,mariecarpenter@potts-lee.net,2022-03-05,https://www.padilla.net/
82,cbAd5522A7ED3fc,Geoffrey,Goodman,Ferrell and Sons,Jacobsfurt,Yemen,061-967-9081,+1-489-221-2761,bchan@larson-roberts.com,2020-04-02,http://roth.com/
83,404Fd8093ce0EA1,Lucas,Mendez,"Woods, Hines and Swanson",Myersmouth,Mauritania,(079)417-9763x1173,+1-729-401-8838x87500,kathrynduffy@bell.com,2021-12-04,https://sparks-boone.com/
84,Daf649CfB97eC6e,Andrea,Luna,Hancock Inc,New Wesley,Saint Helena,236.969.0967,001-632-797-8496x863,tasharussell@perkins.com,2020-11-20,http://galvan-arnold.com/
85,Ea8FAD1EDE9DCAa,Logan,Weeks,Crosby Ltd,Lake Coltonhaven,Oman,(504)650-1379,4712298657,mackenziebenjamin@harper-hudson.com,2020-06-11,https://doyle.com/
86,7d34dCf4AbA77A2,Juan,Galloway,Guerrero-Woods,New Sheena,Turkey,(996)187-8214,052.968.8180,rmorrison@cross.net,2021-05-14,http://davenport-lloyd.com/
87,cFEEDE15d1D9aFC,Joan,Donaldson,Wilkerson LLC,Lauriemouth,Armenia,(907)325-7885x7308,762-711-5467x5074,pconner@heath.com,2020-02-20,https://www.fitzgerald-mcbride.com/
88,C8CD21E646F878f,Kaylee,Goodman,"Joseph, Stevens and Webster",Hartmanmouth,Tokelau,499.678.2793x98018,001-516-823-2327,dgreen@kim.biz,2021-03-30,https://www.hawkins-wolfe.biz/
89,52DCA69f8E6CEE4,Sally,Blackwell,"Hart, Sanford and Fernandez",Richmondland,Guinea,(333)046-0351x615,+1-201-503-1285x2179,hliu@pena-campbell.com,2021-12-20,http://preston.net/
90,B62eCbba2aF49eE,Beverly,Gamble,Pitts-Bautista,Port Bradberg,Lao People's Democratic Republic,001-678-518-4984,875-641-0333x950,noah69@sullivan-flores.net,2021-05-10,http://small-chung.com/
91,7f1Cd9CCdbAeCFf,Denise,Pollard,Oneal and Sons,Donovanburgh,Mexico,001-662-590-1788x0872,(143)161-4985x7802,kathrynscott@mcgrath-mosley.info,2021-04-11,https://austin.com/
92,D4f427290f8dE7F,Ryan,Solis,Cooper Inc,Randallchester,Mexico,815.244.2002x72047,6212709355,joshuabender@blackburn-gross.com,2020-06-29,https://olsen.org/
93,eC8d7bDF085EcD5,Isaac,Bradshaw,Mcintosh-Brooks,Lake Brady,Iraq,256-921-9316x481,530.747.6571x6219,mikayla07@hunt.com,2022-04-12,http://molina-hoover.net/
94,997953EcDEec723,Caitlin,Garner,Pineda Inc,Barrettburgh,India,159.547.6407,001-166-934-2168x4200,tonyalyons@baird-burton.net,2020-05-11,https://whitaker-carson.com/
95,FC8E1C40e6EFfE0,Shawn,Acosta,"Clay, Malone and Russell",Rebeccaborough,Bouvet Island (Bouvetoya),912.173.7608,126-581-3225x65166,bartlettgene@coleman.biz,2021-02-04,https://www.olsen-cruz.com/
96,09EBAaEBd7f0b4B,Mitchell,Parsons,Proctor-Jennings,Darrylmouth,Germany,396.483.1471x07583,+1-496-386-6284x84289,audrey64@lucas.com,2021-12-12,https://francis.biz/
97,B3D3fB7ADD68caa,Pamela,Barton,Chapman-Butler,Ebonymouth,Sudan,241.537.5263x1064,+1-091-580-3447x663,gonzalesjason@dunn.com,2020-01-31,https://www.fuller.info/
98,A4c430a1bfF8ac5,Kristopher,Cardenas,Hughes-Herrera,East Katelynshire,Angola,807.797.8740,005-389-4368x70486,aperkins@kirby-merritt.com,2020-07-31,https://lutz.com/
99,69ac4CFB1fc3715,Cesar,Lindsey,Nash-Merritt,Isaiahhaven,Nauru,159-731-3544x87205,752.880.9590x311,samuel18@stuart.org,2020-07-15,http://austin-hodges.com/
100,aD1E7ebBC54a63F,Louis,Downs,Henson-Santana,North Scott,Mozambique,(020)378-7777x162,(551)426-3999x95752,thomaslacey@lucas.net,2020-08-26,http://rasmussen.com/
